"Deaths by region, age, sex and year"

"region","age","sex","1968","1969","1970","1971","1972","1973","1974","1975","1976","1977","1978","1979","1980","1981","1982","1983","1984","1985","1986","1987","1988","1989","1990","1991","1992","1993","1994","1995","1996","1997","1998","1999","2000","2001","2002","2003","2004","2005","2006","2007","2008","2009","2010","2011","2012","2013","2014","2015","2016","2017","2018","2019","2020"
"00 Sweden","0 years","men",864,773,711,741,734,609,597,522,460,445,424,417,402,355,341,333,350,366,346,358,380,392,421,421,378,331,280,250,204,190,186,184,186,189,172,184,171,131,165,148,141,148,160,128,167,168,151,166,157,146,132,132,156
"00 Sweden","0 years","women",614,491,501,529,481,473,453,372,358,328,303,304,269,298,294,313,250,300,259,283,272,278,318,340,279,240,219,179,173,138,130,113,123,145,141,124,143,115,132,120,131,130,134,107,126,138,100,116,135,132,103,105,112
"00 Sweden","1 year","men",53,45,45,32,37,37,44,37,31,29,24,38,27,19,22,17,19,21,28,23,27,20,23,23,21,18,24,21,23,20,18,8,13,10,16,19,8,24,15,16,12,23,13,18,11,7,12,10,13,10,12,9,14
"00 Sweden","1 year","women",34,33,29,33,30,29,36,40,25,22,28,26,27,21,19,16,21,23,27,20,26,26,22,24,14,19,15,9,15,24,11,13,7,15,8,11,13,18,15,17,12,13,15,12,7,7,13,11,10,6,17,14,8
"00 Sweden","2 years","men",34,43,31,31,25,27,30,28,30,29,10,22,14,16,17,16,8,13,12,19,13,14,21,12,20,17,11,13,8,4,14,7,4,13,18,13,7,5,7,7,10,15,8,3,9,5,3,13,7,4,12,3,7
"00 Sweden","2 years","women",29,22,24,20,25,19,19,16,15,7,18,16,13,5,10,10,7,14,12,13,15,16,10,14,11,13,9,10,7,11,5,9,6,6,7,6,5,9,7,8,7,9,6,2,6,6,2,6,6,9,6,3,5
"00 Sweden","3 years","men",43,30,41,25,33,23,15,21,21,28,23,13,17,15,15,15,9,17,14,10,13,11,19,13,17,17,13,6,10,13,9,5,4,7,5,10,3,13,9,1,4,12,7,8,6,11,9,4,4,4,5,4,3
"00 Sweden","3 years","women",19,25,26,17,21,19,11,14,9,14,11,14,12,7,13,8,13,6,8,15,7,5,9,7,13,13,3,5,7,7,6,3,2,7,5,4,4,6,6,8,3,9,5,5,6,5,5,3,6,6,6,10,3
"00 Sweden","4 years","men",32,46,40,19,23,22,22,25,17,24,22,22,17,12,18,12,8,7,6,9,10,18,11,10,12,15,16,10,16,14,8,5,4,5,7,5,4,4,3,5,3,4,8,8,10,5,2,8,7,6,8,8,3
"00 Sweden","4 years","women",18,25,15,16,20,11,17,14,17,15,13,18,14,6,12,7,3,9,16,9,3,10,5,13,4,6,11,11,5,1,5,4,6,5,3,5,4,4,8,6,7,1,4,4,4,6,5,4,7,4,4,6,9
"00 Sweden","5 years","men",24,30,36,33,30,27,35,28,19,18,31,19,14,12,10,12,7,15,10,14,10,9,7,4,6,8,11,9,9,11,8,5,3,5,4,8,1,10,8,6,4,4,1,2,5,4,4,3,10,6,3,9,2
"00 Sweden","5 years","women",19,16,27,11,19,19,21,13,18,9,13,17,10,8,8,6,6,6,6,2,8,7,7,3,12,5,5,8,10,3,7,4,4,5,5,2,7,2,2,5,5,4,3,4,2,4,7,0,4,3,6,3,6
"00 Sweden","6 years","men",25,32,17,26,26,16,21,16,19,20,16,18,17,16,7,19,10,9,7,6,13,8,7,11,9,8,6,5,12,15,9,12,6,3,1,6,6,10,3,3,2,6,3,4,3,5,3,7,8,2,3,2,5
"00 Sweden","6 years","women",26,16,27,18,20,13,24,21,10,9,10,10,7,8,6,5,6,9,9,6,6,9,2,6,5,9,6,3,5,6,2,7,11,3,6,5,7,5,3,6,1,3,4,2,1,5,8,6,8,8,2,4,2
"00 Sweden","7 years","men",21,27,27,29,26,19,16,20,16,20,17,15,12,13,12,5,12,13,4,7,7,6,10,7,9,14,12,11,5,6,7,8,5,7,5,4,3,4,7,4,1,6,5,7,3,4,6,4,3,2,3,1,6
"00 Sweden","7 years","women",17,18,18,9,16,18,17,12,13,5,11,5,11,7,8,5,7,3,5,6,6,0,6,5,4,11,5,3,4,5,3,8,6,7,2,2,2,3,0,2,0,7,5,4,5,5,2,5,4,3,5,3,3
"00 Sweden","8 years","men",28,21,26,18,25,16,9,24,20,16,16,17,14,15,15,11,8,3,13,4,7,10,7,4,7,16,4,7,2,10,10,8,2,7,2,3,5,6,5,5,5,7,1,2,8,2,2,1,4,8,3,5,3
"00 Sweden","8 years","women",21,18,12,8,11,10,13,11,8,9,11,4,9,7,9,10,5,4,4,5,3,6,8,4,7,3,0,3,4,3,10,9,1,7,1,4,6,2,4,4,4,3,6,9,5,3,4,5,3,2,5,2,2
"00 Sweden","9 years","men",20,21,24,14,20,23,16,25,24,6,10,13,15,10,8,15,11,9,12,8,4,4,15,7,5,5,2,4,6,11,14,7,14,1,4,7,2,3,7,2,5,5,3,7,3,2,2,2,2,1,0,2,2
"00 Sweden","9 years","women",12,8,15,14,16,14,4,14,17,15,7,14,7,6,8,5,6,3,4,7,6,3,8,5,3,5,6,8,6,5,3,5,5,5,6,4,4,4,4,4,1,2,1,6,0,1,3,5,3,3,1,2,1
"00 Sweden","10 years","men",21,12,18,25,16,11,16,12,23,21,14,6,9,15,10,11,10,6,18,9,8,5,8,7,10,7,10,4,7,6,10,9,6,9,10,5,3,4,8,3,6,6,2,3,6,4,1,3,2,3,4,3,7
"00 Sweden","10 years","women",8,8,14,12,10,11,11,18,9,6,10,6,6,8,7,5,5,11,5,10,4,5,10,7,9,3,4,4,7,5,4,9,6,6,5,2,5,4,3,4,5,3,2,7,4,3,2,11,3,3,6,5,3
"00 Sweden","11 years","men",18,21,23,14,15,17,20,10,16,17,14,14,6,9,5,12,16,10,15,13,10,6,8,5,5,9,7,6,6,5,5,10,8,8,6,6,7,5,6,3,4,3,4,4,5,2,3,4,2,4,6,4,8
"00 Sweden","11 years","women",10,10,7,15,9,12,9,7,15,7,13,15,8,4,9,5,7,8,7,4,10,6,5,8,5,9,7,3,4,4,7,3,6,6,6,2,4,1,5,1,3,4,1,5,4,3,4,2,3,5,3,4,5
"00 Sweden","12 years","men",12,24,9,26,15,17,13,20,15,13,16,14,16,11,9,11,10,8,8,11,11,9,6,4,6,10,5,8,2,5,9,10,7,3,10,8,6,3,3,5,6,6,6,3,3,5,6,6,1,6,8,5,9
"00 Sweden","12 years","women",18,8,9,16,11,18,9,13,11,14,6,17,14,7,7,10,9,8,1,5,7,5,3,6,4,5,3,4,4,10,11,1,10,3,3,5,3,5,3,3,7,1,7,3,5,2,2,2,8,4,1,2,3
"00 Sweden","13 years","men",25,11,20,18,15,14,18,13,16,11,27,17,15,15,8,10,10,12,13,10,12,11,11,9,11,8,5,11,7,4,8,12,9,9,4,11,9,15,10,8,6,6,8,6,5,11,7,5,9,6,6,3,3
"00 Sweden","13 years","women",13,16,14,19,10,11,13,14,6,17,9,9,11,5,7,5,8,7,12,8,5,7,6,6,8,7,9,6,8,8,4,3,9,7,4,7,9,9,4,3,6,2,3,2,8,2,4,8,6,1,4,4,7
"00 Sweden","14 years","men",20,15,25,20,21,23,24,27,30,14,19,15,22,23,9,10,13,13,23,17,21,14,9,7,7,10,9,9,10,8,7,13,11,7,11,6,11,11,8,10,11,16,5,6,6,7,5,6,4,10,12,5,9
"00 Sweden","14 years","women",14,13,11,15,9,13,10,19,17,14,10,14,17,17,9,6,13,8,9,3,4,8,16,14,7,9,7,7,3,4,13,9,5,12,8,12,7,5,3,5,5,10,6,4,5,2,3,10,7,9,13,5,2
"00 Sweden","15 years","men",35,49,40,49,38,47,21,28,29,30,27,44,21,26,25,30,26,21,27,25,22,25,20,17,15,18,10,10,12,15,22,11,15,17,16,10,16,18,13,14,7,11,10,10,10,4,8,7,9,7,8,10,10
"00 Sweden","15 years","women",15,16,23,14,24,10,18,19,20,17,26,22,21,15,23,15,13,6,9,12,17,21,15,4,8,6,6,9,11,11,15,8,7,6,6,16,10,11,17,13,8,10,6,6,7,4,8,3,2,4,6,7,7
"00 Sweden","16 years","men",45,49,52,37,40,38,42,40,40,26,27,33,33,28,27,28,26,26,24,34,36,19,24,29,16,17,20,15,24,8,25,9,16,12,18,17,17,14,28,21,23,10,16,11,15,10,13,10,11,7,5,13,21
"00 Sweden","16 years","women",12,26,18,19,21,23,21,27,20,19,13,12,14,13,16,23,11,12,9,14,15,11,13,5,16,11,6,9,7,15,14,7,7,6,10,23,9,6,9,15,7,15,12,8,11,9,5,11,5,6,8,7,6
"00 Sweden","17 years","men",41,50,39,54,64,36,45,54,44,47,41,37,41,42,33,26,27,38,36,27,36,26,26,39,35,18,9,27,16,11,30,21,19,19,12,17,20,21,24,22,22,27,20,25,20,13,15,16,8,17,25,15,19
"00 Sweden","17 years","women",27,17,28,25,25,17,19,19,21,17,13,17,13,15,14,13,8,14,17,21,11,23,8,23,8,18,9,7,12,13,14,10,9,10,11,11,7,8,15,14,17,15,14,13,12,7,10,2,6,7,11,5,7
"00 Sweden","18 years","men",63,47,62,66,71,65,65,62,46,47,72,48,41,56,49,69,61,56,51,43,33,66,44,46,26,37,39,32,20,20,36,25,35,20,25,26,31,23,24,34,29,18,30,26,19,24,19,19,23,30,25,21,26
"00 Sweden","18 years","women",24,24,32,28,16,27,23,28,30,22,26,21,16,18,7,19,16,27,11,14,17,22,20,23,14,19,13,16,6,10,12,8,15,13,10,13,21,8,8,7,16,12,17,19,11,12,9,10,11,11,9,16,6
"00 Sweden","19 years","men",82,75,74,72,59,62,58,59,60,54,62,59,48,45,48,53,51,44,47,63,55,69,67,51,34,40,35,32,22,22,26,30,38,36,38,37,32,31,36,50,41,43,34,40,24,40,29,33,23,27,26,31,37
"00 Sweden","19 years","women",31,34,25,27,17,21,25,21,26,20,22,18,15,32,20,17,19,29,22,18,17,13,18,11,15,15,16,16,11,11,9,16,19,16,27,15,17,13,16,14,14,12,11,13,9,10,14,12,6,13,17,10,9
"00 Sweden","20 years","men",85,76,72,68,62,66,60,75,64,57,62,52,53,63,49,47,63,61,57,65,69,53,46,47,47,30,29,48,36,31,30,36,46,43,38,38,56,32,34,41,39,34,34,31,30,35,45,40,28,34,22,46,41
"00 Sweden","20 years","women",34,29,25,31,20,21,28,16,20,21,26,26,28,12,10,19,19,20,22,24,23,15,19,13,16,15,10,18,13,14,15,14,12,13,19,10,10,16,17,15,14,15,14,18,11,11,11,15,10,12,17,12,16
"00 Sweden","21 years","men",64,53,69,75,72,76,71,71,65,61,71,61,50,48,54,44,45,56,58,69,57,53,51,37,55,44,30,39,30,43,33,39,37,53,33,34,44,38,39,37,46,45,49,47,43,40,41,40,32,29,48,36,34
"00 Sweden","21 years","women",34,20,26,21,31,28,15,12,33,33,26,11,15,27,25,9,18,17,20,14,29,17,16,12,17,24,14,16,14,16,14,11,14,12,13,13,16,19,22,20,10,11,18,12,19,17,7,16,11,9,16,16,11
"00 Sweden","22 years","men",77,71,74,82,66,65,54,80,62,65,72,54,46,59,39,54,50,58,80,57,52,45,55,39,28,49,43,30,34,41,37,32,43,42,56,36,40,38,34,40,38,32,35,40,52,41,39,44,39,46,34,31,31
"00 Sweden","22 years","women",30,31,37,33,20,24,19,23,35,20,22,25,18,14,16,28,21,20,19,17,25,19,14,17,20,14,18,18,13,16,17,10,14,9,9,15,16,12,12,8,11,13,14,15,16,17,22,11,10,15,16,10,6
"00 Sweden","23 years","men",78,84,69,75,80,71,66,69,66,79,56,64,66,57,44,67,67,52,52,58,64,60,49,61,48,48,52,38,40,42,37,38,37,41,45,38,40,33,48,29,46,45,46,45,37,42,55,44,36,43,44,31,35
"00 Sweden","23 years","women",30,37,34,26,24,29,25,28,27,20,21,29,24,16,16,17,16,20,20,26,21,19,25,10,19,23,11,13,21,24,14,11,12,12,16,14,11,14,18,12,14,13,11,13,10,19,14,18,23,14,22,13,16
"00 Sweden","24 years","men",83,77,82,81,85,75,60,74,64,48,63,73,68,55,45,56,54,43,52,44,65,50,66,55,42,44,44,43,31,43,37,35,38,36,38,40,45,37,30,49,40,48,45,41,51,51,44,61,37,53,54,52,42
"00 Sweden","24 years","women",35,27,31,20,34,26,30,19,24,25,30,21,18,20,23,20,15,15,14,16,21,21,22,22,15,17,17,17,15,15,13,16,11,8,7,9,8,8,14,10,15,12,18,19,12,18,23,18,22,13,16,22,14
"00 Sweden","25 years","men",59,79,53,92,81,60,71,63,67,71,68,54,71,58,67,61,63,63,57,53,56,60,47,53,54,41,36,39,41,48,44,44,45,39,42,44,38,44,38,42,36,34,46,40,38,41,51,64,64,69,45,60,52
"00 Sweden","25 years","women",27,32,37,30,41,25,23,37,27,22,19,20,29,16,18,16,12,20,26,21,25,15,32,34,19,21,21,16,14,18,13,20,11,13,13,13,16,11,13,21,17,15,17,19,16,20,15,15,20,21,11,19,15
"00 Sweden","26 years","men",58,73,88,67,86,74,70,89,78,62,66,72,81,49,53,71,67,48,57,65,52,60,74,56,48,47,56,29,41,35,39,35,57,36,38,25,35,40,30,51,38,40,31,40,59,49,40,58,50,44,50,48,46
"00 Sweden","26 years","women",29,31,30,27,42,31,30,32,32,29,25,27,25,21,26,27,29,31,18,19,30,26,23,24,16,22,20,20,18,12,6,15,17,13,15,15,13,14,13,11,13,6,16,17,10,22,22,19,20,17,12,20,19
"00 Sweden","27 years","men",81,63,75,76,67,75,74,78,81,82,81,83,64,58,66,57,65,55,61,65,68,66,59,77,63,59,60,40,45,40,40,39,28,50,38,33,34,31,33,36,47,41,43,39,41,50,43,54,54,70,61,34,43
"00 Sweden","27 years","women",28,27,35,24,37,37,30,30,38,29,30,27,24,27,30,26,25,21,19,29,23,21,17,26,21,22,15,20,20,14,19,15,15,15,20,16,13,14,7,11,17,17,11,16,14,22,18,18,13,21,27,26,17
"00 Sweden","28 years","men",68,62,70,68,85,89,74,73,76,91,78,60,73,67,69,63,58,37,64,69,55,57,50,52,66,51,57,53,56,31,37,47,54,35,33,38,41,43,28,41,41,31,45,41,44,46,43,50,44,59,64,56,64
"00 Sweden","28 years","women",24,28,25,29,30,39,37,33,33,28,34,30,22,26,28,29,31,26,33,20,27,30,25,24,24,27,28,22,17,17,14,17,17,14,9,28,16,12,14,8,22,14,16,14,12,19,10,19,15,20,27,25,17
"00 Sweden","29 years","men",73,76,72,64,82,73,71,81,84,91,88,78,80,71,66,58,57,63,50,60,58,65,67,69,51,58,55,56,50,45,34,47,38,39,29,40,40,45,44,40,43,54,50,38,42,54,49,48,45,60,48,49,48
"00 Sweden","29 years","women",28,25,26,26,39,34,29,36,43,35,26,38,38,32,18,32,31,22,29,27,26,23,30,19,18,18,34,23,25,16,18,19,15,13,21,15,19,17,16,14,22,13,12,23,11,14,22,23,21,19,21,12,11
"00 Sweden","30 years","men",79,71,78,70,77,79,91,90,86,92,82,93,76,76,68,75,84,69,58,75,57,68,54,64,61,46,62,74,45,46,42,42,41,38,49,35,33,38,32,38,46,41,33,38,33,46,53,47,47,53,50,47,55
"00 Sweden","30 years","women",34,37,29,38,45,34,46,40,44,32,27,44,27,29,26,34,29,26,25,34,25,26,34,29,27,30,24,27,17,26,17,18,14,15,25,20,17,27,21,14,15,15,13,14,14,18,18,16,28,20,27,20,23
"00 Sweden","31 years","men",63,57,79,65,57,89,79,80,90,98,96,95,89,81,63,66,67,63,49,59,83,64,65,70,48,60,60,66,56,48,42,50,39,52,49,28,42,36,29,34,48,37,45,54,38,52,42,34,57,46,40,50,40
"00 Sweden","31 years","women",34,34,29,24,31,37,34,53,42,40,44,32,42,36,34,26,34,40,32,27,37,33,28,29,26,28,31,26,28,29,22,22,11,19,19,21,15,28,19,19,17,10,16,18,21,22,17,23,14,25,20,26,35
"00 Sweden","32 years","men",75,71,63,63,81,79,81,90,96,97,103,83,90,73,74,72,58,73,67,80,73,84,61,63,57,58,58,51,62,52,50,49,58,35,46,32,42,48,34,37,47,40,51,32,38,46,56,44,54,46,44,66,45
"00 Sweden","32 years","women",37,34,25,30,28,36,30,36,44,46,54,39,41,30,41,28,36,32,29,31,31,21,23,27,35,19,14,27,32,22,20,23,19,23,19,25,20,16,29,12,19,17,18,19,19,14,20,23,24,25,31,21,23
"00 Sweden","33 years","men",78,69,63,67,82,72,82,84,84,73,95,107,87,97,82,64,77,65,78,64,81,76,64,70,70,58,59,48,61,57,66,53,49,65,42,41,30,31,55,40,43,39,34,34,46,42,52,60,53,59,54,27,52
"00 Sweden","33 years","women",24,28,36,49,33,43,29,45,50,47,40,51,52,43,35,50,44,43,27,37,27,29,31,30,20,39,34,40,28,26,38,21,17,19,25,28,23,14,26,28,17,19,25,26,18,15,26,24,20,23,25,17,18
"00 Sweden","34 years","men",75,73,68,87,79,67,103,72,81,97,115,106,109,80,104,71,78,84,89,78,86,67,73,67,67,76,66,66,61,60,67,63,59,58,45,56,51,41,32,44,45,41,37,46,40,37,58,40,47,37,59,51,49
"00 Sweden","34 years","women",42,42,34,38,36,42,42,37,50,35,41,61,50,46,43,42,38,51,40,41,32,28,35,32,32,35,23,22,37,41,21,34,26,26,22,21,21,21,26,19,22,22,21,26,22,17,32,28,21,24,23,24,27
"00 Sweden","35 years","men",82,65,71,71,84,79,88,64,85,102,120,124,129,99,117,110,94,77,79,76,102,80,63,84,84,78,62,62,55,91,62,56,63,51,47,58,43,56,40,43,50,66,42,43,43,39,42,59,53,45,55,51,42
"00 Sweden","35 years","women",42,40,42,38,46,42,29,38,49,44,51,48,47,58,49,40,47,51,43,39,54,43,26,35,42,35,38,27,36,31,40,30,35,28,27,23,35,24,26,28,23,19,17,23,31,27,17,15,30,16,26,29,23
"00 Sweden","36 years","men",89,76,74,92,75,80,65,105,105,79,97,111,114,99,116,110,110,93,101,90,85,85,77,74,76,92,75,59,64,67,69,78,60,76,60,46,51,41,54,52,54,52,42,49,34,57,47,53,54,67,50,48,46
"00 Sweden","36 years","women",45,38,38,41,42,51,49,33,37,32,50,52,63,51,44,59,47,64,51,44,47,59,38,39,41,40,40,30,31,35,23,29,41,36,35,31,26,32,33,34,21,30,28,30,22,21,23,20,22,33,20,26,32
"00 Sweden","37 years","men",96,85,81,83,82,83,75,91,88,113,89,106,108,119,123,99,108,91,109,81,88,92,81,94,78,88,88,81,74,64,61,55,58,64,63,65,66,45,57,48,51,49,38,43,47,62,46,54,41,52,54,53,50
"00 Sweden","37 years","women",56,52,59,55,55,43,53,48,55,52,44,33,55,53,66,56,48,64,53,48,61,48,50,48,27,33,51,38,26,30,41,26,37,30,39,34,31,34,30,33,22,25,24,26,28,26,24,24,20,31,26,35,24
"00 Sweden","38 years","men",98,101,79,94,85,90,93,109,106,95,101,113,105,110,131,97,115,132,123,112,115,106,113,85,83,97,116,78,91,76,76,73,73,76,61,74,57,55,57,49,45,68,44,51,58,52,44,40,59,51,52,47,40
"00 Sweden","38 years","women",59,51,56,51,44,49,52,53,57,62,44,50,56,56,71,59,64,61,54,60,53,43,56,54,38,41,56,40,39,35,46,42,40,26,36,47,41,42,39,33,40,43,29,33,47,30,21,28,21,20,27,31,41
"00 Sweden","39 years","men",102,88,85,102,86,95,95,108,98,121,87,110,93,113,109,103,129,119,131,117,104,129,79,92,97,73,98,89,79,78,76,84,60,87,77,80,71,81,78,68,54,45,61,53,60,49,48,51,64,64,57,53,43
"00 Sweden","39 years","women",50,63,52,65,47,51,48,56,59,50,57,65,56,49,64,58,54,58,76,62,49,72,53,56,48,59,49,45,45,44,46,41,46,46,32,36,36,42,32,38,34,40,36,39,45,37,28,23,33,22,26,34,37
"00 Sweden","40 years","men",103,117,107,107,112,113,115,116,114,101,112,111,128,110,112,149,132,146,131,131,129,127,108,117,93,101,118,98,88,83,85,87,68,75,82,80,82,69,64,76,64,60,68,64,68,58,57,67,51,75,70,66,69
"00 Sweden","40 years","women",68,76,81,65,67,61,43,56,56,67,47,66,76,37,58,66,76,63,79,73,77,79,52,59,59,56,40,47,43,40,51,47,35,41,49,36,49,42,47,47,44,47,37,23,27,42,38,33,47,37,29,35,31
"00 Sweden","41 years","men",97,112,125,131,118,115,120,126,106,127,103,128,107,131,121,119,123,133,147,115,156,137,128,118,107,108,115,110,83,101,74,91,86,91,76,80,60,86,92,79,76,57,67,57,66,70,68,65,72,67,58,56,52
"00 Sweden","41 years","women",72,59,49,76,68,57,54,61,72,74,55,78,69,54,48,79,63,77,64,70,76,76,67,68,61,54,77,69,40,53,58,60,39,39,34,50,45,47,49,40,48,37,36,35,41,44,50,32,34,37,40,34,33
"00 Sweden","42 years","men",119,137,130,153,112,126,133,121,126,143,136,129,146,140,133,127,142,147,139,143,158,143,136,130,121,134,123,131,115,98,98,118,73,91,96,84,77,94,103,89,86,83,84,60,56,59,74,75,85,69,68,70,65
"00 Sweden","42 years","women",95,92,76,69,50,66,82,65,65,61,78,65,78,68,65,66,86,77,66,88,81,81,85,89,72,77,62,65,55,70,62,62,45,52,55,54,48,46,42,57,54,51,41,50,57,49,46,42,38,43,38,38,43
"00 Sweden","43 years","men",164,141,128,144,137,161,129,143,135,163,145,120,140,114,131,132,134,131,143,155,158,170,174,149,154,134,127,136,120,104,115,108,100,95,94,96,90,95,83,101,108,110,91,83,68,71,81,72,77,77,69,66,62
"00 Sweden","43 years","women",72,108,99,87,77,77,73,90,82,83,80,88,71,63,80,60,64,70,83,93,109,91,101,87,82,46,68,62,66,56,62,74,80,58,59,66,40,60,54,47,64,55,54,42,41,41,45,46,49,40,50,50,49
"00 Sweden","44 years","men",127,155,162,164,172,144,156,148,146,152,164,142,139,145,135,133,144,125,147,157,179,158,162,184,151,139,136,125,126,131,101,108,128,117,110,127,109,99,94,96,103,110,73,114,96,79,82,73,80,86,89,73,60
"00 Sweden","44 years","women",104,112,97,103,94,87,99,94,92,81,79,67,92,77,74,71,85,71,75,82,116,96,100,107,87,89,85,80,81,76,73,85,70,59,53,47,70,47,65,70,72,75,49,60,49,53,54,47,45,47,42,54,52
"00 Sweden","45 years","men",184,186,188,161,181,160,148,187,160,152,159,150,166,155,167,130,137,148,157,146,154,205,190,208,182,171,168,158,139,125,129,127,120,110,121,103,116,106,94,121,102,106,93,98,92,100,79,80,86,91,77,92,87
"00 Sweden","45 years","women",108,123,110,99,91,94,85,88,90,92,90,82,86,84,78,80,89,75,76,91,118,104,106,112,124,111,119,82,98,79,69,82,82,78,71,75,61,65,62,68,73,79,61,69,76,73,73,45,54,51,49,50,56
"00 Sweden","46 years","men",224,211,174,169,217,183,201,176,189,210,157,168,172,164,154,169,147,164,202,167,182,169,192,207,200,183,173,152,147,145,147,122,122,152,113,134,120,120,118,117,122,110,122,117,116,121,103,81,98,99,103,97,92
"00 Sweden","46 years","women",152,129,114,117,115,104,94,98,87,81,89,85,103,91,83,75,86,77,117,96,98,102,126,116,106,116,108,101,101,73,92,102,87,77,79,87,70,77,67,73,52,85,65,78,88,76,50,66,73,62,62,53,65
"00 Sweden","47 years","men",255,231,219,254,208,211,209,213,205,195,179,198,209,179,164,160,177,178,168,180,179,162,202,244,212,217,195,192,195,188,177,143,154,166,150,153,126,126,128,121,101,125,124,130,126,115,121,120,103,82,98,75,106
"00 Sweden","47 years","women",164,158,129,125,128,120,135,121,109,127,93,106,86,96,95,104,82,93,106,111,109,110,108,111,119,127,131,129,125,104,94,93,100,101,92,89,90,65,71,83,74,75,70,84,96,83,98,65,58,68,74,78,63
"00 Sweden","48 years","men",278,272,246,262,249,227,225,210,202,184,231,209,182,184,182,164,179,178,188,212,180,155,215,202,209,214,205,227,187,159,153,182,185,180,128,149,150,139,123,126,124,114,144,141,138,123,156,124,125,119,99,100,101
"00 Sweden","48 years","women",180,175,156,155,142,133,138,142,121,117,129,107,108,114,111,98,84,91,115,101,112,102,130,134,144,140,158,135,113,107,117,107,93,120,113,97,110,94,104,84,81,89,84,65,76,87,78,77,92,93,70,67,51
"00 Sweden","49 years","men",232,286,298,290,306,255,277,273,237,251,235,258,242,215,219,198,185,193,182,210,214,190,177,196,226,215,241,252,223,220,171,203,190,166,163,183,184,177,145,155,151,154,141,156,155,146,151,147,165,143,126,102,111
"00 Sweden","49 years","women",125,171,197,172,152,153,136,165,124,140,125,105,124,139,106,121,108,99,117,100,150,139,120,127,151,142,134,143,141,129,122,135,129,115,113,100,103,102,101,106,107,79,94,83,86,88,100,105,92,98,83,78,92
"00 Sweden","50 years","men",255,240,305,334,316,285,293,273,288,277,272,270,269,232,216,213,218,215,205,214,184,208,185,188,216,247,244,256,275,229,226,224,182,208,181,182,210,157,171,193,173,182,168,157,127,176,186,159,153,135,154,122,138
"00 Sweden","50 years","women",165,160,211,194,176,178,152,158,167,165,114,129,136,140,105,119,96,127,125,134,125,124,125,124,142,136,182,154,167,152,151,140,148,152,131,128,131,134,107,114,110,88,97,116,123,80,100,105,111,97,89,78,87
"00 Sweden","51 years","men",317,335,306,352,325,326,355,305,320,331,277,267,270,279,275,236,229,248,229,247,233,219,217,227,211,233,256,280,267,265,244,228,258,195,227,195,210,171,192,202,208,170,163,174,163,153,175,153,174,159,147,137,141
"00 Sweden","51 years","women",155,189,184,199,203,187,156,179,152,152,175,177,159,145,130,147,107,134,107,140,119,114,137,155,113,153,165,179,194,181,148,146,150,156,131,131,111,139,122,124,127,130,103,99,106,122,106,114,110,127,101,101,96
"00 Sweden","52 years","men",344,308,344,330,406,376,364,330,323,335,317,366,312,325,279,311,252,235,234,228,255,245,248,261,264,234,263,290,279,282,264,271,260,248,240,207,206,215,212,227,180,211,189,161,166,165,166,199,162,209,205,160,177
"00 Sweden","52 years","women",209,193,197,186,247,210,215,214,199,178,164,185,151,116,181,149,169,128,125,137,139,143,137,128,162,113,140,199,190,195,179,170,171,172,134,138,132,148,140,134,142,133,137,97,111,130,125,103,118,126,117,115,105
"00 Sweden","53 years","men",335,359,359,363,342,420,416,414,395,385,372,352,320,331,289,306,273,250,268,278,244,235,266,240,247,270,245,278,327,355,316,313,284,300,264,260,236,281,271,214,247,220,212,201,218,221,176,207,182,180,223,202,198
"00 Sweden","53 years","women",233,223,226,227,203,242,239,213,207,209,206,197,190,151,167,181,150,143,153,132,143,137,129,142,165,148,142,165,161,183,186,201,186,200,167,161,154,156,155,145,147,171,130,152,144,140,145,116,121,106,124,129,120
"00 Sweden","54 years","men",407,400,384,375,416,400,479,476,445,397,415,400,379,357,323,334,323,330,289,313,311,291,250,259,265,295,271,262,295,325,360,345,339,322,302,310,281,260,262,241,249,249,245,219,230,228,192,223,229,210,209,201,227
"00 Sweden","54 years","women",233,256,229,239,227,207,264,261,227,218,207,210,185,179,187,186,168,180,185,150,141,154,130,145,157,170,183,147,187,193,204,193,220,191,196,197,181,171,167,141,141,164,128,150,159,140,137,115,110,146,129,142,133
"00 Sweden","55 years","men",464,428,417,431,451,452,425,492,503,512,455,462,425,411,387,355,353,348,344,319,315,285,300,315,300,303,299,295,282,327,343,374,337,335,365,336,310,314,284,259,244,240,250,264,266,234,217,236,226,221,215,238,251
"00 Sweden","55 years","women",245,299,253,223,231,233,242,246,275,251,227,239,230,227,232,186,199,196,158,183,173,157,194,181,151,181,207,176,176,181,217,229,222,206,231,207,194,208,165,151,197,170,138,187,160,158,144,154,162,102,140,154,142
"00 Sweden","56 years","men",483,488,495,506,486,483,454,453,584,541,533,494,441,449,462,386,427,389,346,364,373,358,344,338,333,306,329,322,304,284,333,363,375,399,348,383,373,359,327,293,279,290,291,290,281,238,251,254,253,251,236,243,292
"00 Sweden","56 years","women",302,285,272,282,279,265,256,286,290,296,247,239,241,232,246,203,203,184,167,188,167,159,166,179,196,171,189,203,205,156,185,239,283,266,242,227,230,243,236,198,184,180,176,174,166,177,150,169,169,172,151,154,150
"00 Sweden","57 years","men",554,565,570,557,501,514,506,529,545,603,608,606,542,512,468,415,408,442,418,409,382,367,364,371,340,355,341,312,344,346,318,338,359,421,412,416,412,372,387,347,336,332,303,262,272,275,291,284,245,264,248,264,278
"00 Sweden","57 years","women",310,312,287,294,298,269,321,263,261,283,303,295,281,248,238,206,249,224,218,195,219,222,216,198,181,192,193,185,205,207,209,210,271,273,280,273,266,284,224,213,226,184,189,189,200,178,197,189,157,181,174,169,142
"00 Sweden","58 years","men",603,607,569,534,593,572,585,571,590,514,632,633,607,538,546,518,491,492,465,449,403,399,395,407,355,352,366,357,334,343,358,357,387,452,477,405,438,397,374,397,395,362,320,355,304,299,295,322,283,266,267,251,304
"00 Sweden","58 years","women",380,354,346,345,334,308,303,308,285,291,309,354,343,288,295,230,248,272,241,244,246,211,247,226,219,207,198,178,208,231,237,193,268,265,288,268,287,259,264,269,228,243,230,200,188,200,214,192,187,183,200,164,204
"00 Sweden","59 years","men",656,696,604,655,673,666,657,601,638,614,604,674,678,638,596,612,536,529,528,514,460,452,456,448,390,407,351,379,346,393,385,392,365,376,465,452,462,491,462,445,402,395,390,396,338,332,326,331,314,286,327,287,333
"00 Sweden","59 years","women",400,340,343,358,327,317,307,314,320,330,306,375,357,344,295,299,282,289,267,244,248,243,252,244,223,228,206,231,240,229,223,229,228,294,303,301,306,312,299,286,253,258,242,204,220,264,235,227,230,213,196,206,208
"00 Sweden","60 years","men",670,671,733,729,675,680,720,749,662,692,691,655,809,759,681,646,576,597,578,567,524,500,467,464,448,422,423,406,401,437,399,429,414,389,470,464,500,524,500,457,483,418,435,387,389,393,367,368,368,344,365,345,358
"00 Sweden","60 years","women",391,430,416,363,385,366,392,366,344,345,336,312,389,387,363,313,319,307,280,285,297,253,269,277,283,264,248,231,240,246,220,245,272,249,276,292,353,335,342,309,312,297,295,281,250,213,231,262,254,249,234,207,202
"00 Sweden","61 years","men",742,770,780,818,742,755,758,797,809,697,673,707,685,789,824,742,675,654,588,587,629,552,549,529,508,439,433,474,431,463,428,401,454,493,426,485,500,532,570,552,505,504,477,454,438,451,441,379,428,351,387,355,373
"00 Sweden","61 years","women",419,477,433,418,424,382,398,406,413,395,404,371,374,414,382,377,360,362,307,339,333,264,288,310,301,280,239,265,245,235,277,272,280,289,304,326,314,355,339,317,340,305,325,278,278,252,283,275,261,277,269,265,259
"00 Sweden","62 years","men",771,866,793,842,822,846,847,832,806,830,771,802,762,731,881,833,796,707,648,611,663,587,567,589,569,550,494,505,473,462,481,452,471,434,453,475,482,561,560,606,604,586,546,482,491,456,448,440,468,413,437,444,429
"00 Sweden","62 years","women",458,523,464,455,479,447,396,433,446,411,362,372,417,368,426,401,433,364,381,358,329,330,326,313,344,315,314,291,274,263,316,289,329,270,263,285,336,342,396,366,355,385,355,316,307,307,271,278,304,270,292,277,246
"00 Sweden","63 years","men",865,917,854,867,942,926,902,890,958,886,913,870,895,809,756,937,872,860,776,736,712,643,609,617,631,624,588,540,536,541,498,519,453,516,532,514,466,551,596,645,637,586,599,566,532,551,519,483,460,507,451,447,462
"00 Sweden","63 years","women",512,526,502,510,500,490,455,483,508,447,423,436,437,451,418,437,457,416,412,430,380,359,351,369,348,316,329,331,320,276,306,308,303,304,304,312,321,374,357,387,388,395,389,367,362,357,324,336,328,319,321,299,289
"00 Sweden","64 years","men",841,938,953,982,944,1041,1013,963,1011,1015,996,888,938,948,906,811,979,1008,890,828,860,711,765,719,698,608,619,595,609,522,582,531,560,539,531,533,579,514,576,665,707,670,731,637,606,590,518,541,534,571,522,447,548
"00 Sweden","64 years","women",548,564,550,592,528,553,575,521,550,524,455,513,474,482,449,450,519,508,493,455,450,415,386,401,366,379,380,392,342,345,309,333,324,287,317,351,330,330,389,419,468,466,485,445,394,408,395,356,339,345,318,326,344
"00 Sweden","65 years","men",931,937,943,1021,996,1092,1100,1080,1125,1075,1078,1012,965,1007,943,978,943,1049,1036,960,856,843,804,774,778,721,698,620,653,673,626,557,553,551,544,620,600,617,644,669,686,734,739,743,669,652,616,616,568,522,588,541,591
"00 Sweden","65 years","women",618,546,595,587,567,579,593,600,559,533,567,566,552,483,511,509,459,579,522,537,470,478,471,439,431,424,401,409,377,378,353,345,358,366,356,346,341,401,368,451,424,463,494,445,480,473,446,419,390,379,374,335,353
"00 Sweden","66 years","men",1012,1067,1003,1045,1121,1121,1114,1166,1158,1151,1197,1082,1087,1034,1015,984,954,962,1147,1121,1036,899,894,872,861,788,727,782,709,696,669,591,596,612,632,637,611,699,678,596,657,709,765,796,805,749,696,726,691,623,628,639,607
"00 Sweden","66 years","women",683,652,622,576,636,651,673,646,589,634,630,584,635,545,525,507,490,496,641,556,533,520,470,527,506,460,397,426,405,435,403,422,387,380,362,361,390,417,372,402,465,431,471,470,520,521,507,467,465,447,409,388,400
"00 Sweden","67 years","men",1064,1144,1091,1116,1113,1229,1199,1254,1259,1269,1251,1277,1220,1217,1148,1108,1054,1137,1011,1106,1188,1032,927,989,891,898,774,783,822,726,757,707,633,627,626,628,652,636,629,690,627,660,767,797,793,807,824,759,770,677,698,606,673
"00 Sweden","67 years","women",698,689,676,714,700,726,667,685,705,687,639,659,591,655,648,567,532,631,554,614,696,570,592,535,524,558,464,489,501,401,425,406,396,400,423,416,384,415,407,445,420,476,491,498,513,535,537,522,495,454,450,383,482
"00 Sweden","68 years","men",1170,1213,1156,1186,1191,1205,1226,1330,1370,1342,1331,1284,1364,1294,1258,1169,1124,1169,1153,1025,1258,1141,1119,1023,1026,980,909,896,846,809,775,801,724,724,687,710,682,703,663,697,741,651,697,844,803,878,866,819,803,732,759,728,760
"00 Sweden","68 years","women",727,764,754,745,728,736,767,738,745,708,738,737,740,694,757,696,659,593,636,571,729,713,659,594,559,606,533,494,478,479,483,482,429,475,437,443,407,436,431,436,484,417,486,481,625,637,580,571,566,580,533,500,452
"00 Sweden","69 years","men",1115,1213,1192,1245,1252,1326,1304,1346,1370,1388,1377,1463,1340,1448,1381,1293,1265,1231,1205,1110,1136,1324,1182,1197,1057,1048,986,968,921,868,861,829,827,766,790,705,739,721,708,715,780,763,755,830,856,914,954,901,912,920,869,786,830
"00 Sweden","69 years","women",800,818,803,756,809,808,812,860,829,772,795,776,758,793,739,747,657,687,685,674,691,651,697,701,731,613,591,603,568,532,532,518,515,509,513,481,479,475,447,488,480,505,496,523,597,570,613,679,574,592,636,520,512
"00 Sweden","70 years","men",1213,1270,1266,1297,1383,1293,1327,1350,1427,1375,1432,1488,1463,1414,1432,1335,1300,1276,1303,1297,1228,1122,1383,1311,1289,1144,1114,1043,1000,958,923,902,893,825,823,810,744,762,786,758,766,749,829,781,866,911,976,978,986,1016,961,879,931
"00 Sweden","70 years","women",880,920,873,906,888,857,881,896,888,824,885,898,901,890,857,765,805,797,749,742,777,655,795,826,733,713,647,649,616,597,560,561,537,572,595,532,520,511,529,488,498,545,519,508,549,618,650,647,665,663,676,613,624
"00 Sweden","71 years","men",1287,1314,1236,1390,1377,1447,1475,1409,1502,1513,1560,1589,1599,1611,1458,1511,1457,1461,1430,1345,1323,1254,1271,1398,1349,1299,1155,1155,1170,1128,1040,1056,932,928,879,960,884,775,814,773,798,808,838,835,761,927,983,1129,1085,980,1033,940,1031
"00 Sweden","71 years","women",947,1020,930,917,961,998,934,936,996,918,994,938,956,1002,905,905,875,872,870,840,833,765,774,878,859,798,740,693,716,684,619,634,638,659,647,610,539,508,519,535,516,544,532,593,567,588,673,763,768,753,784,655,680
"00 Sweden","72 years","men",1370,1380,1324,1327,1419,1424,1464,1466,1589,1504,1518,1649,1596,1610,1675,1514,1555,1595,1520,1464,1411,1369,1368,1274,1495,1506,1347,1183,1158,1175,1139,1104,1086,988,1014,941,935,866,838,828,854,826,863,864,891,843,924,1045,1101,1128,1173,1127,1108
"00 Sweden","72 years","women",1097,1081,952,981,1019,1063,1059,1070,989,990,1038,1018,1002,1062,996,982,1001,904,874,923,874,819,825,774,925,993,869,808,826,762,732,714,666,683,657,661,628,614,570,599,577,598,594,653,599,567,632,720,849,822,810,788,839
"00 Sweden","73 years","men",1388,1425,1338,1495,1440,1475,1524,1612,1578,1561,1615,1682,1716,1687,1605,1668,1594,1692,1603,1634,1591,1434,1423,1439,1386,1563,1500,1445,1318,1277,1232,1177,1116,1043,1080,1058,994,1010,906,884,861,913,877,923,993,943,869,1014,1191,1153,1141,1170,1215
"00 Sweden","73 years","women",1181,1156,1033,1098,1072,1033,1140,1089,1153,1059,1064,1049,1115,1134,1126,1027,1025,1038,992,1011,1052,898,972,885,950,1046,973,878,913,929,815,789,769,735,772,682,706,636,630,624,572,674,655,625,689,725,658,696,832,875,904,866,920
"00 Sweden","74 years","men",1308,1530,1414,1447,1510,1540,1521,1584,1706,1538,1633,1632,1648,1688,1727,1801,1697,1696,1775,1675,1633,1583,1544,1505,1485,1397,1577,1723,1467,1399,1348,1287,1235,1182,1138,1121,1033,1088,1023,904,994,956,944,937,1032,1033,1064,1047,1047,1160,1267,1264,1407
"00 Sweden","74 years","women",1171,1244,1127,1131,1232,1210,1213,1163,1204,1132,1167,1174,1174,1251,1166,1203,1087,1174,1184,1145,1148,1069,1036,1026,1042,963,1064,1111,1085,974,947,903,872,844,785,777,789,761,759,659,656,691,718,678,711,728,714,710,753,882,953,956,958
"00 Sweden","75 years","men",1440,1441,1316,1406,1499,1584,1555,1610,1667,1790,1681,1761,1650,1742,1725,1777,1761,1805,1710,1769,1769,1622,1706,1621,1459,1534,1453,1660,1690,1587,1439,1475,1340,1272,1265,1197,1087,1137,1081,1062,1020,987,1033,985,1026,1071,1085,1128,1054,1105,1280,1374,1490
"00 Sweden","75 years","women",1253,1258,1251,1229,1219,1282,1223,1306,1284,1293,1239,1261,1311,1275,1268,1217,1324,1301,1186,1168,1235,1162,1154,1053,1095,1047,967,1149,1190,1102,1002,1039,941,927,925,846,837,798,783,796,748,702,724,736,788,750,747,843,737,837,968,959,1075
"00 Sweden","76 years","men",1427,1428,1481,1518,1521,1635,1602,1623,1667,1603,1722,1710,1702,1688,1688,1743,1938,1804,1855,1800,1806,1714,1752,1681,1569,1597,1548,1481,1694,1773,1705,1448,1453,1415,1302,1303,1224,1218,1189,1112,1051,1095,1014,1101,1086,1119,1116,1101,1207,1113,1302,1342,1567
"00 Sweden","76 years","women",1361,1279,1291,1304,1358,1285,1366,1410,1395,1357,1391,1336,1370,1324,1431,1352,1361,1414,1342,1269,1374,1309,1268,1266,1176,1277,1098,1118,1315,1265,1219,1145,1141,998,972,981,903,924,880,906,834,770,789,795,841,863,845,822,877,867,896,971,1141
"00 Sweden","77 years","men",1440,1464,1362,1429,1507,1561,1647,1636,1693,1625,1757,1787,1729,1745,1727,1776,1805,1891,1880,1889,1886,1862,1858,1874,1782,1795,1677,1678,1596,1776,1796,1700,1582,1510,1527,1445,1319,1284,1258,1219,1205,1171,1174,1129,1146,1126,1182,1153,1212,1267,1255,1283,1561
"00 Sweden","77 years","women",1421,1393,1232,1351,1434,1364,1380,1450,1491,1355,1521,1505,1544,1390,1354,1425,1418,1577,1440,1458,1438,1430,1419,1384,1386,1337,1179,1257,1150,1364,1346,1286,1195,1213,1131,1067,1080,1023,986,998,995,898,891,808,870,886,863,936,917,961,907,990,1170
"00 Sweden","78 years","men",1401,1401,1323,1521,1467,1536,1622,1564,1694,1595,1690,1773,1727,1809,1759,1723,1786,1843,1877,1872,1930,1801,1888,1860,1822,1867,1714,1709,1593,1570,1870,1871,1687,1576,1600,1497,1373,1370,1334,1365,1307,1279,1325,1227,1196,1110,1197,1279,1302,1372,1288,1232,1538
"00 Sweden","78 years","women",1405,1466,1383,1385,1450,1408,1412,1498,1473,1486,1513,1493,1518,1503,1455,1492,1552,1621,1518,1538,1552,1548,1545,1543,1492,1469,1316,1406,1295,1204,1480,1469,1343,1331,1368,1223,1123,1149,1146,1075,1002,1037,1032,893,986,955,926,945,985,1072,1048,971,1159
"00 Sweden","79 years","men",1351,1387,1311,1444,1469,1464,1498,1642,1616,1628,1614,1659,1742,1739,1776,1749,1789,1896,1905,1914,1983,1874,1975,1854,1914,1856,1680,1796,1706,1665,1595,1919,1906,1788,1681,1621,1504,1566,1435,1345,1335,1295,1349,1319,1246,1219,1196,1271,1288,1306,1397,1401,1543
"00 Sweden","79 years","women",1526,1480,1389,1381,1424,1475,1474,1496,1545,1531,1564,1605,1538,1636,1577,1556,1535,1610,1636,1722,1748,1592,1717,1655,1597,1616,1525,1483,1472,1421,1387,1632,1625,1539,1466,1419,1360,1237,1227,1247,1150,1106,1150,1113,1040,1018,946,1002,1092,1082,1129,1072,1178
"00 Sweden","80 years","men",1417,1402,1294,1407,1339,1467,1468,1532,1546,1617,1637,1648,1696,1670,1775,1676,1682,1768,1769,1808,1985,1786,1906,1862,1882,1994,1860,1755,1763,1791,1652,1653,1879,1934,1846,1698,1630,1643,1580,1529,1468,1495,1452,1366,1400,1320,1288,1392,1386,1306,1414,1435,1639
"00 Sweden","80 years","women",1509,1434,1392,1421,1442,1413,1487,1548,1606,1474,1621,1599,1691,1677,1705,1628,1627,1665,1728,1763,1838,1677,1850,1787,1675,1754,1672,1660,1613,1579,1575,1573,1776,1809,1700,1513,1386,1425,1289,1432,1260,1261,1192,1222,1200,1244,1062,1132,1164,1138,1137,1187,1277
"00 Sweden","81 years","men",1402,1367,1262,1284,1334,1495,1399,1403,1566,1547,1469,1648,1595,1641,1595,1705,1640,1761,1697,1789,1883,1819,1983,1968,1872,1933,1837,1821,1860,1815,1775,1816,1624,1975,1944,1990,1745,1741,1698,1603,1647,1503,1484,1365,1538,1405,1350,1331,1404,1428,1522,1436,1661
"00 Sweden","81 years","women",1510,1510,1442,1422,1422,1463,1507,1526,1678,1625,1603,1676,1659,1703,1676,1731,1773,1802,1882,1753,1897,1707,1851,1792,1892,1903,1760,1731,1732,1676,1676,1665,1655,1857,1866,1789,1581,1570,1547,1426,1450,1327,1375,1364,1351,1292,1194,1257,1195,1297,1284,1198,1459
"00 Sweden","82 years","men",1304,1262,1187,1286,1313,1277,1364,1480,1396,1442,1486,1494,1537,1511,1543,1632,1595,1670,1760,1655,1840,1686,1810,1898,1940,1890,1775,1919,1821,1706,1761,1803,1763,1586,2045,1987,1777,1777,1698,1700,1639,1540,1560,1512,1544,1485,1486,1423,1397,1444,1537,1502,1833
"00 Sweden","82 years","women",1551,1452,1436,1370,1334,1493,1523,1557,1665,1508,1553,1647,1716,1670,1685,1722,1764,1815,1787,1833,1853,1815,2065,1978,1928,1982,1824,1934,1835,1848,1753,1869,1757,1652,2044,1963,1850,1673,1641,1735,1611,1500,1480,1514,1440,1442,1362,1356,1328,1403,1356,1358,1488
"00 Sweden","83 years","men",1212,1240,1189,1265,1240,1229,1301,1267,1366,1278,1331,1369,1429,1484,1486,1432,1497,1691,1604,1581,1663,1671,1699,1792,1841,1845,1753,1814,1873,1795,1789,1793,1757,1753,1658,2068,1922,1900,1766,1758,1724,1653,1660,1662,1587,1515,1566,1505,1442,1511,1563,1515,1727
"00 Sweden","83 years","women",1477,1436,1361,1438,1397,1411,1433,1561,1562,1560,1609,1584,1610,1680,1693,1716,1757,1804,1777,1821,1979,1857,1932,2068,1946,2205,1948,2021,1957,1983,1939,1896,1862,1879,1810,2079,2034,2015,1808,1794,1772,1699,1646,1582,1652,1594,1521,1574,1451,1414,1401,1431,1564
"00 Sweden","84 years","men",1079,1087,1075,1112,1173,1163,1197,1217,1273,1193,1246,1256,1315,1399,1357,1393,1423,1454,1513,1554,1569,1560,1632,1671,1681,1791,1728,1834,1804,1783,1845,1709,1729,1697,1715,1606,1959,2003,1917,1809,1761,1707,1648,1665,1661,1659,1540,1599,1605,1590,1528,1491,1779
"00 Sweden","84 years","women",1264,1356,1242,1321,1377,1362,1326,1477,1505,1523,1561,1606,1676,1766,1639,1725,1668,1869,1909,1865,1917,1980,1997,2014,2145,2136,2117,2038,2061,2042,2007,2004,2027,1955,2041,1894,2143,2162,2201,1920,1943,1871,1796,1739,1762,1709,1688,1617,1578,1593,1574,1463,1681
"00 Sweden","85 years","men",980,996,1024,1099,1073,1126,1033,1076,1170,1116,1168,1139,1222,1229,1215,1316,1231,1388,1296,1413,1491,1395,1449,1543,1601,1659,1594,1718,1745,1713,1794,1719,1703,1697,1719,1710,1606,1963,1942,1816,1775,1808,1715,1712,1672,1598,1647,1689,1635,1615,1579,1525,1800
"00 Sweden","85 years","women",1156,1244,1143,1270,1334,1431,1340,1367,1520,1471,1485,1541,1665,1725,1617,1718,1693,1896,1898,1883,1983,1970,1940,1952,1929,2168,1986,2132,2104,2129,2067,2194,2132,2103,2079,1937,1893,2160,2284,2225,2114,1995,1941,1900,1958,1781,1756,1796,1817,1684,1630,1544,1724
"00 Sweden","86 years","men",931,913,842,984,918,1023,1033,952,1015,1014,1034,1087,1095,1154,1084,1118,1025,1160,1233,1263,1341,1280,1424,1333,1404,1556,1460,1665,1635,1588,1641,1709,1695,1578,1605,1656,1574,1586,1902,1919,1828,1714,1748,1697,1741,1601,1605,1657,1618,1643,1661,1598,1756
"00 Sweden","86 years","women",1086,1109,1107,1142,1210,1278,1297,1304,1458,1298,1406,1414,1445,1592,1487,1428,1620,1721,1791,1862,1949,1856,1989,1900,1961,2086,2094,2098,2170,2036,2195,2219,2187,2229,2256,2179,2115,2015,2291,2470,2316,2060,2030,2116,1985,1933,1879,1858,1873,1915,1822,1720,1754
"00 Sweden","87 years","men",801,766,764,790,814,921,928,891,885,878,972,951,895,993,942,1068,1027,1131,1108,1131,1212,1141,1171,1210,1266,1368,1260,1375,1494,1440,1486,1510,1579,1496,1623,1538,1491,1571,1489,1761,1885,1784,1696,1705,1717,1619,1597,1617,1617,1620,1697,1559,1775
"00 Sweden","87 years","women",956,979,934,969,1055,1177,1083,1215,1265,1226,1308,1348,1334,1442,1415,1500,1447,1538,1603,1658,1867,1835,1822,1862,1931,2097,2028,2023,2215,2106,2153,2265,2192,2254,2260,2082,2095,2103,1972,2475,2472,2380,2215,2132,2209,2073,2011,1923,1952,1959,1928,1837,1886
"00 Sweden","88 years","men",692,638,672,643,712,779,754,853,810,776,789,817,829,824,863,854,887,956,989,980,1004,961,1127,1083,1133,1205,1124,1240,1259,1347,1405,1409,1388,1426,1439,1424,1454,1449,1460,1411,1671,1761,1688,1559,1677,1544,1481,1575,1468,1623,1576,1541,1757
"00 Sweden","88 years","women",946,857,812,819,916,1034,1044,1099,1128,1111,1153,1179,1290,1327,1283,1394,1401,1474,1598,1559,1747,1687,1811,1764,1856,1933,1875,1982,2039,2119,2064,2216,2201,2224,2319,2199,2046,2097,2168,2141,2448,2456,2410,2233,2366,2125,2015,2047,1937,2083,2008,1935,2140
"00 Sweden","89 years","men",584,623,526,594,543,612,665,645,685,686,621,675,706,701,708,785,769,783,820,796,882,849,955,954,907,1049,972,1038,1114,1138,1158,1279,1203,1249,1344,1314,1255,1274,1338,1288,1377,1529,1586,1544,1556,1619,1535,1566,1416,1584,1521,1438,1662
"00 Sweden","89 years","women",715,762,702,745,774,836,869,917,1018,958,1007,1092,1137,1163,1241,1215,1274,1364,1375,1391,1490,1574,1700,1694,1718,1833,1808,1830,1927,1954,2030,2160,2053,2248,2196,2125,2137,2063,2089,2140,2042,2388,2459,2383,2275,2260,2175,2146,2148,2138,2062,1881,2212
"00 Sweden","90 years","men",462,473,471,445,472,487,529,568,590,558,594,527,622,564,569,601,624,674,688,716,733,683,741,815,879,864,759,888,904,985,1039,1054,1058,1129,1135,1097,1102,1182,1136,1201,1176,1201,1456,1459,1537,1329,1418,1370,1391,1511,1456,1405,1614
"00 Sweden","90 years","women",627,625,629,635,677,685,781,822,865,869,914,905,941,1057,988,1066,1133,1222,1211,1212,1356,1322,1442,1558,1590,1726,1599,1725,1784,1776,1863,1930,2017,1915,2222,2090,1992,2015,1907,1988,2137,1894,2319,2386,2311,2186,2066,2089,2175,2116,2156,1941,2094
"00 Sweden","91 years","men",395,378,376,373,379,379,378,442,497,461,470,504,449,449,501,548,499,532,557,615,613,622,593,657,657,721,720,730,836,805,860,890,881,982,956,982,952,956,987,994,999,1052,1084,1305,1345,1351,1194,1306,1297,1311,1257,1196,1454
"00 Sweden","91 years","women",503,474,441,523,516,593,605,642,757,695,755,761,805,806,912,947,937,1092,1069,1063,1216,1240,1251,1370,1388,1467,1441,1503,1597,1660,1586,1832,1832,1940,1929,1840,1883,1930,1996,1961,2024,1836,1903,2196,2281,2271,2000,2100,2192,2023,1969,1876,2087
"00 Sweden","92 years","men",309,298,281,292,294,330,332,329,385,364,358,383,411,386,368,401,422,426,400,430,476,473,473,509,531,557,560,606,623,636,690,729,767,778,812,759,830,847,884,878,871,892,894,955,1121,1169,1086,1140,1128,1152,1103,1103,1233
"00 Sweden","92 years","women",418,399,422,425,459,461,465,473,553,606,600,681,740,707,714,791,787,870,898,926,1034,1028,1073,1100,1147,1361,1209,1374,1381,1399,1502,1595,1583,1745,1693,1712,1617,1761,1732,1729,1804,1785,1783,1740,2126,2081,2042,1999,1878,1935,1970,1876,1952
"00 Sweden","93 years","men",198,240,203,227,229,264,250,262,283,272,275,288,343,339,287,289,316,358,328,340,377,350,357,406,387,461,430,474,493,505,529,547,573,615,700,635,670,735,684,740,736,735,747,758,800,981,946,970,950,948,972,969,1089
"00 Sweden","93 years","women",275,302,286,315,356,386,413,393,466,485,489,564,532,583,600,638,664,703,711,740,882,803,898,948,958,1048,1006,1092,1145,1298,1279,1367,1353,1444,1506,1493,1403,1492,1540,1629,1580,1556,1609,1607,1616,1864,1907,1898,1786,1834,1755,1686,1913
"00 Sweden","94 years","men",123,152,134,158,202,167,180,215,209,201,190,230,233,221,226,230,211,276,233,287,254,270,285,313,299,326,307,349,353,380,368,424,437,434,454,478,452,558,524,604,585,600,577,618,619,666,727,791,789,801,828,780,880
"00 Sweden","94 years","women",209,228,257,248,278,272,300,338,348,360,354,392,460,481,486,461,462,561,579,641,643,611,745,711,808,870,786,898,954,940,1037,1071,1096,1184,1328,1214,1323,1280,1367,1411,1319,1368,1402,1375,1519,1287,1665,1705,1674,1586,1610,1510,1760
"00 Sweden","95 years","men",80,88,120,107,143,130,155,160,151,135,156,151,166,179,184,172,170,193,178,178,201,184,199,234,253,235,234,268,257,275,284,291,330,336,363,360,377,404,358,419,431,464,414,449,519,480,512,661,669,689,557,621,666
"00 Sweden","95 years","women",159,178,155,179,219,198,214,231,265,252,263,327,343,349,324,375,386,427,454,487,523,516,562,595,618,679,631,702,782,775,814,852,909,936,1055,1018,1011,987,1095,1177,1199,1147,1146,1174,1203,1231,1135,1428,1483,1485,1328,1321,1428
"00 Sweden","96 years","men",61,72,68,86,89,88,84,95,99,93,96,117,104,114,133,126,127,115,118,132,150,126,147,169,153,199,173,159,198,198,197,224,241,245,262,269,236,262,310,308,297,316,334,317,348,356,351,360,537,494,496,464,533
"00 Sweden","96 years","women",102,111,112,124,156,160,130,192,180,170,199,214,266,279,250,313,300,348,323,358,430,422,435,409,474,492,489,465,543,640,600,645,717,701,816,819,793,812,887,907,914,882,928,921,995,969,937,969,1197,1223,1204,1087,1256
"00 Sweden","97 years","men",43,43,48,48,53,57,64,61,66,76,62,66,77,95,85,81,84,81,91,111,93,107,120,104,118,125,136,124,132,156,127,144,140,159,166,166,176,206,191,202,221,221,243,252,254,250,268,290,302,353,380,349,387
"00 Sweden","97 years","women",88,69,85,97,101,97,127,115,144,136,120,143,171,186,195,196,229,208,242,262,286,270,303,307,332,357,329,376,434,443,446,520,525,533,568,595,604,652,662,714,689,713,704,763,804,768,792,781,791,945,1016,915,883
"00 Sweden","98 years","men",22,29,18,28,37,33,51,46,42,49,42,33,48,48,56,59,52,52,58,69,68,68,76,64,72,68,78,73,77,72,88,89,110,111,96,106,126,113,135,153,137,169,151,162,168,171,164,192,164,192,249,276,301
"00 Sweden","98 years","women",49,50,54,54,61,58,77,81,85,93,115,112,118,135,122,148,140,162,172,155,217,196,205,237,222,261,247,256,285,307,303,351,367,391,419,421,416,449,490,509,525,525,540,598,589,569,560,604,577,666,729,743,764
"00 Sweden","99 years","men",11,17,13,22,27,19,24,23,33,24,26,35,24,30,34,33,43,60,49,31,42,46,33,51,50,58,45,46,47,60,57,60,63,71,76,59,62,55,81,82,95,104,108,102,132,116,105,123,118,159,129,156,178
"00 Sweden","99 years","women",32,38,34,38,36,48,40,54,54,53,57,69,65,67,80,100,91,117,103,133,128,143,142,156,160,190,167,187,187,227,191,246,247,282,270,288,297,322,347,348,384,381,341,387,408,475,408,418,420,459,437,494,581
"00 Sweden","100+ years","men",18,14,18,23,28,26,28,33,46,30,40,48,62,35,54,43,50,52,56,51,67,63,56,72,63,69,64,72,88,78,74,83,80,100,95,94,97,93,108,128,130,146,165,128,166,156,190,167,185,200,211,194,243
"00 Sweden","100+ years","women",61,36,48,43,68,66,68,78,71,79,107,107,105,109,126,159,171,200,186,205,260,223,246,260,249,293,275,289,348,317,360,405,383,415,463,523,491,544,578,584,634,632,680,694,787,752,793,806,796,826,855,792,1004
